"DealerID","NewUsed","VIN","StockNumber","Make","Model","ModelYear","Trim","BodyStyle","Mileage","EngineDescription","Cylinders","FuelType","Transmission","Price","ExteriorColor","InteriorColor","Options","Description","images"
"583369","U","WDBRF52H56F747877","F747877","Mercedes-Benz","C-Class","2006","C 230 Sport 4dr Sedan","Sedan","164000","2.5L V6","2.5L V6","Gasoline","Automatic 7-Speed","6950","Silver","Black","7-Speed Shiftable Automatic Transmission| Abs - 4-Wheel| Air Filtration| Airbag Deactivation - Occupant Sensing Passenger| Am/Fm Audio System| Anti-Theft System - Alarm| Anti-Theft System - Audio Security System| Anti-Theft System - Engine Immobilizer| Braking Assist| Center Console - Front Console With Storage| Center Console Trim - Alloy| Child Seat Anchors| Clock| Cruise Control| Cupholders| Dash Trim - Alloy| Daytime Running Lights| Door Trim - Alloy| Electronic Brakeforce Distribution| Emergency Interior Trunk Release| Exterior Entry Lights| External Temperature Display| Floor Mat Material - Carpet| Floor Mats - Front| Front Air Conditioning - Automatic Climate Control| Front Air Conditioning Zones - Dual| Front Airbags - Dual| Front Fog Lights| Front Headrests - Adjustable| Front Seat Type - Sport| Front Suspension Classification - Independent| Front Suspension Type - Multi-Link| Grille Color - Chrome| Headlights - Auto Delay Off| Headlights - Auto On/Off| Heated Driver Seat| Heated Passenger Seat| Heated Windshield Washer Jets| In-Dash Cd - Single Disc| Multi-Function Remote - Trunk Release| Navigation System| Phone - Pre-Wired For Phone| Power Outlet(S) - Front| Power Steering| Power Windows| Radio - Am/Fm| Rear Fog Lights| Rear Headrests - Adjustable| Rear Seat Type - Bench| Rear Stabilizer Bar| Rear Suspension Classification - Independent| Rear Suspension Type - Multi-Link| Rolling Code Security| Seatbelt Force Limiters| Seatbelt Pretensioners| Side Airbags - Fron","2006 Mercedes-Benz C230 4D Sedan  ABS Brakes, Air Conditioning, Alloy Wheels,NAVIGATION SYSTEM, AM/FM Stereo, Automatic Transmission, CD Audio, Cruise Control, Leatherette Seats, Memory Seat(s), Overhead Airbags, Power Locks, Power Mirrors, Power Seat(s), Power Windows, Premium Package, Rear Defroster, Rear Sunshade, Side Airbags, Sunroof(s), Traction Control,Price $5900, 164000 MILES AND ALL SERVICE & MAINTENANCE BEEN DONE.   WE DO OFFER EASY TERM FINANCING, PLEASE CALL FOR   MORE INFORMATION (480*786*8000) THANK YOU.      Buy Here & Pay Here  We buy cars.For fast approvals, give us a call! (O.A.C.) 480-786-8000  ............................ CALL (480) 786-8000..........................................  **** fredriksauto.com ****  WE FINANCE EVERYONE - GOOD/BAD/NO CREDIT - NO PROBLEM!   WE HAVE A PROGRAM FOR EVERY CREDIT SITUATION - APPROVED!   BEST RATES AS LOW AS 2.99% - FOR WELL QUALIFIED BUYERS!  FOR FAST APPROVALS GO TO http://www.fredriksauto.com AND CLICK ON THE ‘FINANCING’ TAB  IMPLIED WARRANTY ON EVERY VEHICLE!   FREE Vehicle History REPORT!","https://cdn04.carsforsale.com/3/583369/3685489/561637989.jpg?dt=060320162046,https://cdn04.carsforsale.com/3/583369/3685489/561637993.jpg?dt=060320162046,https://cdn04.carsforsale.com/3/583369/3685489/561637995.jpg?dt=060320162046,https://cdn04.carsforsale.com/3/583369/3685489/561637997.jpg?dt=060320162046,https://cdn04.carsforsale.com/3/583369/3685489/561638000.jpg?dt=060320162046,https://cdn04.carsforsale.com/3/583369/3685489/561638002.jpg?dt=060320162046,https://cdn04.carsforsale.com/3/583369/3685489/561638004.jpg?dt=060320162046,https://cdn04.carsforsale.com/3/583369/3685489/561638006.jpg?dt=060320162046,https://cdn04.carsforsale.com/3/583369/3685489/561638011.jpg?dt=060320162046,https://cdn04.carsforsale.com/3/583369/3685489/561638014.jpg?dt=060320162046,https://cdn04.carsforsale.com/3/583369/3685489/561638017.jpg?dt=060320162046,https://cdn04.carsforsale.com/3/583369/3685489/561638019.jpg?dt=060320162046,https://cdn04.carsforsale.com/3/583369/3685489/561638021.jpg?dt=060320162046"
"583369","U","1ZVHT80N095137148","95137148","Ford","Mustang","2009","V6 Premium 2dr Coupe","Coupe","81000","4.0L V6","4.0L V6","Unspecified","Manual 5-Speed","6950","Gray","Black","Exhaust Tip Color - Stainless-Steel| Floor Mat Material - Carpet| Floor Mats - Front| Front Air Conditioning| Front Air Conditioning Zones - Single| Steering Wheel Trim - Leather| Center Console - Front Console With Armrest And Storage| Cruise Control| Cupholders - Front| Multi-Function Remote - Keyless Entry| One-Touch Windows - 1| Power Outlet(S) - Two 12v| Power Steering| Steering Wheel - Tilt| Steering Wheel Mounted Controls - Cruise Control| Storage - Door Pockets| Vanity Mirrors - Dual| Front Brake Type - Ventilated Disc| Front Shock Type - Gas| Front Spring Type - Coil| Front Struts - Macpherson| Front Suspension Type - Lower Control Arms| Rear Brake Type - Ventilated Disc| Rear Spring Type - Coil| Front Brake Diameter - 11.5| Front Brake Width - 1.2| Front Suspension Classification - Independent| Rear Brake Diameter - 11.8| Rear Brake Width - 0.8| Rear Suspension Classification - Solid Live Axle| Rear Suspension Type - Multi-Link| Gauge - Tachometer| In-Dash Cd - Mp3 Playback| Total Speakers - 8| Warnings And Reminders - Tire Fill Alert| Antenna Type - Mast| Auxiliary Audio Input - Mp3| In-Dash Cd - 6 Disc| Multi-Functional Information Center| Radio - Am/Fm| Satellite Radio - Siriusxm| Subwoofer - 2| Watts - 500| Spare Tire Mount Location - Inside| Spare Tire Size - Temporary| Spare Wheel Type - Steel| Tire Type - All Season| Wheels - Polished Alloy| Tire Pressure Monitoring System| Window Defogger - Rear| Front Wipers - Variable Intermittent| Power Windows| Airbag","2009 Ford Mustang 2D Coupe  ABS Brakes, Air Conditioning, Alloy Wheels, AM/FM Stereo, 5 Speed Transmission, Auxiliary Audio Input, CD Audio, Cloth Seats, Cruise Control, Power Locks, Power Mirrors, Power Windows, Rear Defroster, Rear Spoiler, Side Airbags, Traction Control, Price $5950.  BUY HERE & PAY HERE @ www.fredriksauto.com , EASY TERM, NO CREDIT REQUIRE  CALL TODAY & DRIVE TODAY 480-786-8000  FREDRIK'S AUTO  3105 E. MAIN ST  MESA AZ 85213","https://cdn04.carsforsale.com/3/583369/4091352/585040631.jpg?dt=070120160205,https://cdn04.carsforsale.com/3/583369/4091352/585040632.jpg?dt=070120160205,https://cdn04.carsforsale.com/3/583369/4091352/585040633.jpg?dt=070120160205,https://cdn04.carsforsale.com/3/583369/4091352/585040635.jpg?dt=070120160205,https://cdn04.carsforsale.com/3/583369/4091352/585040636.jpg?dt=070120160205,https://cdn04.carsforsale.com/3/583369/4091352/585040637.jpg?dt=070120160205,https://cdn04.carsforsale.com/3/583369/4091352/585040638.jpg?dt=070120160205,https://cdn04.carsforsale.com/3/583369/4091352/585040639.jpg?dt=070120160205,https://cdn04.carsforsale.com/3/583369/4091352/585040640.jpg?dt=070120160205,https://cdn04.carsforsale.com/3/583369/4091352/585040641.jpg?dt=070120160205,https://cdn04.carsforsale.com/3/583369/4091352/585040642.jpg?dt=070120160205,https://cdn04.carsforsale.com/3/583369/4091352/585040643.jpg?dt=070120160205"
"583369","U","JS1VS55A782108821","","Suzuki","BLVD C50T","2008","VL800","Motorcycles & Scooters","13000","","Unspecified","Gasoline","Manual","3950","Black","Black","","The Boulevard C50 has the soul of a classic cruiser combined with V-twin performance that gives you a charge every time you twist the throttle. The Boulevard C50´s classic design begins with the flowing lines of its kicked-out front end and pullback handlebars, which perfectly complement its teardrop tank, stepped seat and boldly valanced rear fender.  Engine type:V2, four-stroke  Compression:9.4:1  Bore x stroke:83.0 x 74.4 mm (3.3 x 2.9 inches)  Fuel system:Injection  Fuel control:Single Overhead Cams (SOHC)  Ignition:Digital  Lubrication system:Wet Sump  Cooling system:Liquid  Gearbox:5-speed  Transmission type,  final drive:Shaft drive (cardan)  CALL 480-786-8000","https://cdn04.carsforsale.com/3/583369/4986182/764392425.jpg?dt=082520160113,https://cdn04.carsforsale.com/3/583369/4986182/764392435.jpg?dt=082520160113,https://cdn04.carsforsale.com/3/583369/4986182/764392452.jpg?dt=082520160113,https://cdn04.carsforsale.com/3/583369/4986182/764392465.jpg?dt=082520160113,https://cdn04.carsforsale.com/3/583369/4986182/764392500.jpg?dt=082520160113,https://cdn04.carsforsale.com/3/583369/4986182/764392503.jpg?dt=082520160113,https://cdn04.carsforsale.com/3/583369/4986182/764392510.jpg?dt=082520160113,https://cdn04.carsforsale.com/3/583369/4986182/764392514.jpg?dt=082520160113,https://cdn04.carsforsale.com/3/583369/4986182/764392532.jpg?dt=082520160113,https://cdn04.carsforsale.com/3/583369/4986182/764392535.jpg?dt=082520160113,https://cdn04.carsforsale.com/3/583369/4986182/764392538.jpg?dt=082520160113,https://cdn04.carsforsale.com/3/583369/4986182/764392545.jpg?dt=082520160113,https://cdn04.carsforsale.com/3/583369/4986182/764392582.jpg?dt=082520160113,https://cdn04.carsforsale.com/3/583369/4986182/764392601.jpg?dt=082520160113,https://cdn04.carsforsale.com/3/583369/4986182/764392605.jpg?dt=082520160113,https://cdn04.carsforsale.com/3/583369/4986182/764392617.jpg?dt=082520160113,https://cdn04.carsforsale.com/3/583369/4986182/764392628.jpg?dt=082520160113,https://cdn04.carsforsale.com/3/583369/4986182/764392633.jpg?dt=082520160113"
"583369","U","WMWMF33598TU66476","TU66476","MINI","Cooper","2008","Base 2dr Hatchback","Hatchback","120000","1.6L I4","1.6L I4","Gasoline","Manual 6-Speed","6950","Champagne","Maroon","2-Stage Unlocking Doors| Abs - 4-Wheel| Air Filtration| Airbag Deactivation - Occupant Sensing Passenger| Antenna Type - Mast| Anti-Theft System - Audio Security System| Anti-Theft System - Engine Immobilizer| Auxiliary Audio Input - Mp3| Body Side Reinforcements - Side Impact Door Beams| Cargo Area Light| Cargo Tie Downs| Center Console - Front Console With Storage| Center Console Trim - Alloy| Child Seat Anchors| Cornering Brake Control| Crumple Zones - Front| Crumple Zones - Rear| Cupholders - Front| Cupholders - Rear| Dash Trim - Alloy| Door Trim - Alloy| Driver Seat Manual Adjustments - 6| Driver Seat Manual Adjustments - Height| Easy Entry - Manual Rear Seat| Electronic Brakeforce Distribution| Exhaust Tip Color - Chrome| Exterior Entry Lights| External Temperature Display| Front Air Conditioning| Front Air Conditioning Zones - Single| Front Airbags - Dual| Front Brake Diameter - 11.0| Front Brake Type - Ventilated Disc| Front Brake Width - 0.9| Front Bumper Color - Body-Color| Front Headrests - 2| Front Headrests - Adjustable| Front Seat Type - Bucket| Front Shock Type - Gas| Front Spring Type - Coil| Front Struts - Macpherson| Front Suspension Classification - Independent| Front Suspension Type - Lower Control Arms| Front Wipers - Intermittent| Front Wipers - Speed Sensitive| Gauge - Tachometer| Grille Color - Chrome| Headlights - Auto Delay Off| Impact Sensor - Door Unlock| Impact Sensor - Fuel Cut-Off| In-Dash Cd - Single Disc| Mirror Color - Body-Color| Multi-Fun","2008 Mini Cooper 2D Hatchback  ABS Brakes, Air Conditioning, Alloy Wheels, AM/FM Stereo, 6 SPEED MANUEL Transmission, CD Audio, Cold Weather Package, Front Seat Heaters, Leatherette Seats, Overhead Airbags, Panoramic Sunroof, Power Locks, Power Mirrors, Power Windows, Rear Defroster, Side Airbags, NEW CLUTCH, NEW SPARK PLUG AND VALVE COVER GASKET, COLD A/C, VERY CLEAN , PRICE  $5950,  I do offer financing call me @ 602-418-4298 Thank You          Buy Here & Pay Here  We buy cars.For fast approvals, give us a call! (O.A.C.) 480-786-8000  ............................ CALL (480) 786-8000..........................................  **** fredriksauto.com ****  WE FINANCE EVERYONE - GOOD/BAD/NO CREDIT - NO PROBLEM!   WE HAVE A PROGRAM FOR EVERY CREDIT SITUATION - APPROVED!   BEST RATES AS LOW AS 2.99% - FOR WELL QUALIFIED BUYERS!  FOR FAST APPROVALS GO TO http://www.fredriksauto.com AND CLICK ON THE ‘FINANCING’ TAB  IMPLIED WARRANTY ON EVERY VEHICLE!   FREE Vehicle History REPORT!","https://cdn04.carsforsale.com/3/583369/6347211/807305436.jpg?dt=110820161930,https://cdn04.carsforsale.com/3/583369/6347211/807305437.jpg?dt=110820161930,https://cdn04.carsforsale.com/3/583369/6347211/807305435.jpg?dt=110820161930,https://cdn04.carsforsale.com/3/583369/6347211/807305430.jpg?dt=110820161930,https://cdn04.carsforsale.com/3/583369/6347211/807305431.jpg?dt=110820161930,https://cdn04.carsforsale.com/3/583369/6347211/807305432.jpg?dt=110820161930,https://cdn04.carsforsale.com/3/583369/6347211/807305433.jpg?dt=110820161930,https://cdn04.carsforsale.com/3/583369/6347211/807305434.jpg?dt=110820161930,https://cdn04.carsforsale.com/3/583369/6347211/807305439.jpg?dt=110820161930,https://cdn04.carsforsale.com/3/583369/6347211/807305442.jpg?dt=110820161930,https://cdn04.carsforsale.com/3/583369/6347211/807305443.jpg?dt=110820161930,https://cdn04.carsforsale.com/3/583369/6347211/807305444.jpg?dt=110820161930,https://cdn04.carsforsale.com/3/583369/6347211/807305445.jpg?dt=110820161930,https://cdn04.carsforsale.com/3/583369/6347211/807305446.jpg?dt=110820161930,https://cdn04.carsforsale.com/3/583369/6347211/807305447.jpg?dt=110820161930,https://cdn04.carsforsale.com/3/583369/6347211/807305448.jpg?dt=110820161930"
"583369","U","WBABS53451EV85786","EV85786","BMW","3 Series","2001","330Ci 2dr Convertible","Convertible","123000","3.0L I6","3.0L I6","Gasoline","Manual 5-Speed","5950","Green","Gray","Abs - 4-Wheel| Anti-Theft System - Alarm| Cassette| Center Console| Convertible Roof - Power| Cruise Control| Daytime Running Lights| Driver Seat Power Adjustments| Exterior Entry Lights| Front Air Conditioning| Front Air Conditioning - Automatic Climate Control| Front Airbags - Dual| Front Fog Lights| Front Seat Type - Bucket| Front Wipers - Intermittent| Gauge - Tachometer| Memorized Settings - Driver Seat| Multi-Function Remote - Keyless Entry| Multi-Function Remote - Trunk Release| Passenger Seat Power Adjustments| Power Brakes| Power Door Locks| Power Steering| Power Windows| Premium Brand| Radio - Am/Fm| Rear Seat Type - Split-Bench| Rollover Protection System| Shift Knob Trim - Leather| Side Airbags - Front| Side Mirror Adjustments - Power| Side Mirrors - Heated| Stability Control| Steering Wheel - Tilt And Telescopic| Steering Wheel Trim - Leather| Tire Type| Traction Control| Trip Computer| Upholstery - Leather| Wheel Diameter - 17 Inch| Wheels - Alloy| Window Defogger - Rear","2001 BMW 330CIC CONVERTIBLE, 5 SPEED MANUAL TRANSMISSIONGREEN WITH BLACK TOP AND GREY LEATHER INTERIOR, SPORT PAKAGE  ABS Brakes, Air Conditioning, Alloy Wheels, AM/FM Stereo, CD Audio, Cold Weather Package, Cruise Control, Front Seat Heaters, Leather Seats, 5 Speed Manual Transmission, Memory Seat(s), Power Locks, Power Mirrors, Power Seat(s), Power Windows, Premium Package, Rear Defroster, Side Airbags, Soft Top, Traction Control,123000 Miles, Clean car fax,   Price $5450.00 AND WE CAN ARRANGE FINANCING FOR YOU IF YOU NEED ONE  PLEASE CALL 602-418-4298 THANK YOU","https://cdn04.carsforsale.com/3/583369/6445817/1004543706.jpg?dt=020820182126,https://cdn04.carsforsale.com/3/583369/6445817/1004543713.jpg?dt=020820182126,https://cdn04.carsforsale.com/3/583369/6445817/1004543717.jpg?dt=020820182126,https://cdn04.carsforsale.com/3/583369/6445817/1004543672.jpg?dt=020820182126,https://cdn04.carsforsale.com/3/583369/6445817/1004543723.jpg?dt=020820182126,https://cdn04.carsforsale.com/3/583369/6445817/1004543724.jpg?dt=020820182126,https://cdn04.carsforsale.com/3/583369/6445817/1004543726.jpg?dt=020820182126,https://cdn04.carsforsale.com/3/583369/6445817/1004543700.jpg?dt=020820182126,https://cdn04.carsforsale.com/3/583369/6445817/1004543720.jpg?dt=020820182126,https://cdn04.carsforsale.com/3/583369/6445817/1004543729.jpg?dt=020820182126,https://cdn04.carsforsale.com/3/583369/6445817/1004543685.jpg?dt=020820182126,https://cdn04.carsforsale.com/3/583369/6445817/1004543689.jpg?dt=020820182126,https://cdn04.carsforsale.com/3/583369/6445817/1004543678.jpg?dt=020820182126,https://cdn04.carsforsale.com/3/583369/6445817/1004543681.jpg?dt=020820182126,https://cdn04.carsforsale.com/3/583369/6445817/1004543695.jpg?dt=020820182126,https://cdn04.carsforsale.com/3/583369/6445817/1004543731.jpg?dt=020820182126,https://cdn04.carsforsale.com/3/583369/6445817/1004543679.jpg?dt=020820182126"
"583369","U","WBAPH7G53ANM52527","NM52527","BMW","3 Series","2010","328i 4dr Sedan SA","Sedan","139000","3.0L I6","3.0L I6","Gasoline","Automatic 6-Speed","10950","Silver","Gray","Exhaust Tip Color - Stainless-Steel| Grille Color - Black| Aluminum Interior Trim| Active Cruise Control| M Sports Leather Steering Wheel W/Paddle Shifters| Air Filtration| Center Console Trim - Wood| Dash Trim - Wood| Front Air Conditioning - Automatic Climate Control| Front Air Conditioning Zones - Dual| Rear Vents - Second Row| Shift Knob Trim - Alloy| Shift Knob Trim - Leather| Steering Wheel Trim - Alloy| Steering Wheel Trim - Leather| Center Console - Front Console With Storage| Cruise Control| Cruise Control - Adaptive| Cupholders - Front| Cupholders - Rear| Memorized Settings - 2 Driver| Memorized Settings - Climate Control| Memorized Settings - Driver Seat| Memorized Settings - Side Mirrors| Multi-Function Remote - Keyless Entry| Multi-Function Remote - Trunk Release| One-Touch Windows - 2| Power Outlet(S) - Two 12v| Power Steering - Variable/Speed-Proportional| Reading Lights - Front| Retained Accessory Power| Steering Wheel - Tilt And Telescopic| Steering Wheel Mounted Controls - Audio| Storage - Door Pockets| Storage - Front Seatback| Vanity Mirrors - Dual Illuminating| Front Brake Type - Ventilated Disc| Front Shock Type - Gas| Front Spring Type - Coil| Front Struts - Macpherson| Front Suspension Type - Double Ball Joint| Hill Holder Control| Rear Brake Type - Ventilated Disc| Rear Shock Type - Gas| Rear Spring Type - Coil| Abs - 4-Wheel| Axle Ratio - 3.23| Brake Drying| Braking Assist| Electronic Brakeforce Distribution| Emergency Braking Preparation| Front Br","2010 BMW 328 4D Sedan  ABS Brakes, Air Conditioning, Alloy Wheels,Navigation, AM/FM Stereo, Automatic Transmission, Auxiliary Audio Input, Bluetooth, CD Audio, Cruise Control, Leather Heated Seats, Memory Seat(s), Overhead Airbags, Power Locks, Power Folded Mirrors, Power Seat(s), Power Windows, Premium Package, Rear Defroster, Run Flat Tires, Side Airbags, Sunroof(s), Traction Control, Price $8950, With 139000 Miles  FOR MORE INFORMATION PLEASE CALL 602-418-4298 FREDRIK, THANK YOU      Buy Here & Pay Here  We buy cars.For fast approvals, give us a call! (O.A.C.) 480-786-8000  ............................ CALL (480) 786-8000..........................................  **** fredriksauto.com ****  WE FINANCE EVERYONE - GOOD/BAD/NO CREDIT - NO PROBLEM!   WE HAVE A PROGRAM FOR EVERY CREDIT SITUATION - APPROVED!   BEST RATES AS LOW AS 2.99% - FOR WELL QUALIFIED BUYERS!  FOR FAST APPROVALS GO TO http://www.fredriksauto.com AND CLICK ON THE ‘FINANCING’ TAB  IMPLIED WARRANTY ON EVERY VEHICLE!   FREE Vehicle History REPORT!   BUY HERE & PAY HERE AVAILABLE, EASY TERM , ANYONE IS APPROVED, JUST A CALL AWAY,   WE HAVE PROVIDE PROFESSIONAL SERVICE SINCE 1999 IN VALLEY","https://cdn04.carsforsale.com/3/583369/7255490/825157518.jpg?dt=122620162102,https://cdn04.carsforsale.com/3/583369/7255490/825157516.jpg?dt=122620162102,https://cdn04.carsforsale.com/3/583369/7255490/825157513.jpg?dt=122620162102,https://cdn04.carsforsale.com/3/583369/7255490/825157505.jpg?dt=122620162102,https://cdn04.carsforsale.com/3/583369/7255490/825157502.jpg?dt=122620162102,https://cdn04.carsforsale.com/3/583369/7255490/825157500.jpg?dt=122620162102,https://cdn04.carsforsale.com/3/583369/7255490/825157490.jpg?dt=122620162102,https://cdn04.carsforsale.com/3/583369/7255490/825157495.jpg?dt=122620162102,https://cdn04.carsforsale.com/3/583369/7255490/825157497.jpg?dt=122620162102,https://cdn04.carsforsale.com/3/583369/7255490/825157510.jpg?dt=122620162102,https://cdn04.carsforsale.com/3/583369/7255490/825157512.jpg?dt=122620162102,https://cdn04.carsforsale.com/3/583369/7255490/825157521.jpg?dt=122620162102,https://cdn04.carsforsale.com/3/583369/7255490/825157522.jpg?dt=122620162102,https://cdn04.carsforsale.com/3/583369/7255490/825157524.jpg?dt=122620162102,https://cdn04.carsforsale.com/3/583369/7255490/825157527.jpg?dt=122620162102,https://cdn04.carsforsale.com/3/583369/7255490/825157528.jpg?dt=122620162102,https://cdn04.carsforsale.com/3/583369/7255490/825157532.jpg?dt=122620162102,https://cdn04.carsforsale.com/3/583369/7255490/825157533.jpg?dt=122620162102,https://cdn04.carsforsale.com/3/583369/7255490/825157534.jpg?dt=122620162102,https://cdn04.carsforsale.com/3/583369/7255490/825157537.jpg?dt=122620162102,https://cdn04.carsforsale.com/3/583369/7255490/825157539.jpg?dt=122620162102,https://cdn04.carsforsale.com/3/583369/7255490/825157540.jpg?dt=122620162102,https://cdn04.carsforsale.com/3/583369/7255490/825157542.jpg?dt=122620162102,https://cdn04.carsforsale.com/3/583369/7255490/825157544.jpg?dt=122620162102,https://cdn04.carsforsale.com/3/583369/7255490/825157545.jpg?dt=122620162102"
"583369","U","WDBRF52H86F743077","6F743077","Mercedes-Benz","C-Class","2006","C 230 Sport 4dr Sedan","Sedan","152000","2.5L V6","2.5L V6","Gasoline","Automatic 7-Speed","7950","Gray","Black","Grille Color - Chrome| Air Filtration| Armrests - Rear Center With Pass-Thru| Center Console Trim - Alloy| Dash Trim - Alloy| Door Trim - Alloy| Floor Mat Material - Carpet| Floor Mats - Front| Floor Mats - Rear| Front Air Conditioning - Automatic Climate Control| Front Air Conditioning Zones - Dual| Rear Vents - Second Row| Shift Knob Trim - Alloy| Shift Knob Trim - Leather| Steering Wheel Trim - Leather| Cargo Area Light| Center Console - Front Console With Storage| Cruise Control| Cupholders| Dimming Rearview Mirror - Auto| Multi-Function Remote - Keyless Entry| Multi-Function Remote - Trunk Release| Power Outlet(S) - Front| Power Steering| Reading Lights - Front| Steering Wheel - Tilt And Telescopic| Steering Wheel Mounted Controls - Audio| Steering Wheel Mounted Controls - Phone| Storage - Cargo Net| Storage - Cargo Tie-Down Anchors And Hooks| Storage - Door Pockets| Storage - Seatback| Front Brake Type - Ventilated Disc| Rear Brake Type - Disc| Abs - 4-Wheel| Braking Assist| Electronic Brakeforce Distribution| Front Suspension Classification - Independent| Front Suspension Type - Multi-Link| Rear Stabilizer Bar| Rear Suspension Classification - Independent| Rear Suspension Type - Multi-Link| Stability Control| Traction Control| Gauge - Tachometer| Clock| External Temperature Display| In-Dash Cd - Single Disc| Phone - Pre-Wired For Phone| Radio - Am/Fm| Speed Sensitive Volume Control| Trip Computer| Warnings And Reminders - Low Fuel Level| Daytime Running Lights| Exter","2006 Mercedes-Benz C230 4D Sedan  ABS Brakes, Air Conditioning, Alloy Wheels, AM/FM Stereo, Automatic Transmission, CD Audio, Cruise Control, Leatherette Seats, Memory Seat(s), Overhead Airbags, Power Locks, Power Mirrors, Power Seat(s), Power Windows, Premium Package, Rear Defroster, Side Airbags, Sunroof(s), Traction Control, PRICE $5950 PLEASE CALL 480-786-8000 FOR ANY OTHER INFORMATION, WE DO ALSO OFFER BUY HERE & PAY HERE .WITH EASY TERM","https://cdn04.carsforsale.com/3/583369/8986924/860354321.jpg?dt=032120170125,https://cdn04.carsforsale.com/3/583369/8986924/860354322.jpg?dt=032120170125,https://cdn04.carsforsale.com/3/583369/8986924/860354323.jpg?dt=032120170125,https://cdn04.carsforsale.com/3/583369/8986924/860354324.jpg?dt=032120170125,https://cdn04.carsforsale.com/3/583369/8986924/860354325.jpg?dt=032120170125,https://cdn04.carsforsale.com/3/583369/8986924/860354326.jpg?dt=032120170125,https://cdn04.carsforsale.com/3/583369/8986924/860354327.jpg?dt=032120170125,https://cdn04.carsforsale.com/3/583369/8986924/860354328.jpg?dt=032120170125,https://cdn04.carsforsale.com/3/583369/8986924/860354329.jpg?dt=032120170125,https://cdn04.carsforsale.com/3/583369/8986924/860354330.jpg?dt=032120170125,https://cdn04.carsforsale.com/3/583369/8986924/860354331.jpg?dt=032120170125,https://cdn04.carsforsale.com/3/583369/8986924/860354332.jpg?dt=032120170125,https://cdn04.carsforsale.com/3/583369/8986924/860354333.jpg?dt=032120170125,https://cdn04.carsforsale.com/3/583369/8986924/860354334.jpg?dt=032120170125,https://cdn04.carsforsale.com/3/583369/8986924/860354335.jpg?dt=032120170125"
"583369","U","WBAVB13536PT27440","PT27440","BMW","3 Series","2006","325i 4dr Sedan","Sedan","119000","3.0L I6","3.0L I6","Gasoline","Automatic 6-Speed","7950","Black","Tan","Air Filtration| Armrests - Rear Folding| Cargo Area Floor Mat| Center Console Trim - Wood| Dash Trim - Wood| Door Trim - Wood| Floor Mat Material - Carpet| Floor Mats - Front| Floor Mats - Rear| Front Air Conditioning - Automatic Climate Control| Front Air Conditioning Zones - Dual| Rear Vents - Second Row| Shift Knob Trim - Alloy| Steering Wheel Trim - Leather| Center Console - Front Console With Storage| Cruise Control| Cupholders| Multi-Function Remote - Keyless Entry| Multi-Function Remote - Trunk Release| Power Outlet(S) - Front| Power Steering| Reading Lights - Front| Retained Accessory Power| Steering Wheel - Tilt And Telescopic| Steering Wheel Mounted Controls - Audio| Steering Wheel Mounted Controls - Phone| Storage - Cargo Tie-Down Anchors And Hooks| Storage - Cooled Compartment| Storage - Door Pockets| Storage - Seatback| Front Brake Type - Ventilated Disc| Front Struts - Macpherson| Rear Brake Type - Ventilated Disc| Abs - 4-Wheel| Braking Assist| Electronic Brakeforce Distribution| Front Suspension Classification - Independent| Hill Ascent Assist| Rear Stabilizer Bar| Rear Suspension Classification - Independent| Rear Suspension Type - Multi-Link| Stability Control| Traction Control| Gauge - Tachometer| In-Dash Cd - Mp3 Playback| Warnings And Reminders - Tire Fill Alert| Clock| External Temperature Display| In-Dash Cd - Single Disc| Phone - Pre-Wired For Phone| Radio - Am/Fm| Subwoofer - 1| Trip Computer| Warnings And Reminders - Low Fuel Level| Daytime Running","2006 BMW 325 4D Sedan, 119000 Miles  ABS Brakes, Air Conditioning, Alloy Wheels, AM/FM Stereo, Automatic Transmission, Auxiliary Audio Input, CD Audio, Cruise Control, Front Seat Heaters, Leatherette Seats, Navigation System, Overhead Airbags, Power Locks, Power Mirrors, Power Seat(s), Power Windows, Rear Defroster, Run Flat Tires, Side Airbags, Sunroof(s), Traction Control, Fully Loaded price $7950 , Please call 602-418-4298 Fredrik, Thank You","https://cdn04.carsforsale.com/3/583369/9218973/864845908.jpg?dt=033020171859,https://cdn04.carsforsale.com/3/583369/9218973/864845910.jpg?dt=033020171859,https://cdn04.carsforsale.com/3/583369/9218973/864845911.jpg?dt=033020171859,https://cdn04.carsforsale.com/3/583369/9218973/864845912.jpg?dt=033020171859,https://cdn04.carsforsale.com/3/583369/9218973/864845914.jpg?dt=033020171859,https://cdn04.carsforsale.com/3/583369/9218973/864845915.jpg?dt=033020171859,https://cdn04.carsforsale.com/3/583369/9218973/864845927.jpg?dt=033020171859,https://cdn04.carsforsale.com/3/583369/9218973/864845928.jpg?dt=033020171859,https://cdn04.carsforsale.com/3/583369/9218973/864845929.jpg?dt=033020171859,https://cdn04.carsforsale.com/3/583369/9218973/864845931.jpg?dt=033020171859,https://cdn04.carsforsale.com/3/583369/9218973/864845932.jpg?dt=033020171859,https://cdn04.carsforsale.com/3/583369/9218973/864845933.jpg?dt=033020171859,https://cdn04.carsforsale.com/3/583369/9218973/864845943.jpg?dt=033020171859,https://cdn04.carsforsale.com/3/583369/9218973/864845945.jpg?dt=033020171859,https://cdn04.carsforsale.com/3/583369/9218973/864845961.jpg?dt=033020171859,https://cdn04.carsforsale.com/3/583369/9218973/864845976.jpg?dt=033020171859"
"583369","U","WDBNG75JX4A419838","A419838","Mercedes-Benz","S-Class","2004","S 500 4dr Sedan","Sedan","0","5.0L V8","5.0L V8","Gasoline","Automatic 7-Speed","8950","Green","Tan","Abs - 4-Wheel| Air Suspension| Anti-Theft System - Alarm| Automatic Climate Control (4 Zone)| Cassette| Center Console| Clock| Comfort Seats| Compact Disc Changer| Cruise Control| Daytime Running Lights| Driver Seat Power Adjustments| Exterior Entry Lights| Front Air Conditioning| Front Air Conditioning - Automatic Climate Control| Front Air Conditioning Zones - Dual| Front Airbags - Dual| Front Fog Lights| Front Seat Type - Bucket| Front Wipers - Intermittent| Front Wipers - Rain Sensing| Headlight Cleaners| Headlights - Auto On/Off| In-Dash Cd - Single Disc| Interior Accents - Wood-Tone| Multi-Function Remote - Keyless Entry| Multi-Function Remote - Trunk Release| Navigation System| Passenger Seat Power Adjustments| Power Brakes| Power Door Locks| Power Steering| Power Windows| Premium Brand| Premium Brand - Bose| Radio - Am/Fm| Rear Seat Type - Bench| Self Leveling Suspension| Shift Knob Trim - Leather| Shift Knob Trim - Leather And Wood| Stability Control| Steering Wheel - Power Tilt And Telescopic| Steering Wheel Mounted Controls - Audio| Steering Wheel Trim - Leather| Suspension Control - Electronic| Traction Control| Trip Computer| Universal Remote Transmitter - Garage Door Opener| Upholstery - Leather| Wheel Diameter - 17 Inch| Window Defogger - Rear","2004 MERCEDES BENZ S500 WITH ONLY 98000 MILES,ABS Brakes, Adjustable Suspension, Air Conditioning, Alloy Wheels, AM/FM Stereo, Automatic Transmission, Auxiliary Audio Input, BOSE Sound System, Cassette Player, CD Audio, Cruise Control, Front Seat Heaters, Leather Seats, Memory Seat(s), Navigation System, Overhead Airbags, Power Locks, Power Mirrors, Power Seat(s), Power Windows, Premium Package, Rear Defroster, Rear Sunshade, Side Airbags, Sunroof(s), Traction Control.Price $7900, CALL 602-418-4298,       Buy Here & Pay Here  We buy cars.For fast approvals, give us a call! (O.A.C.) 480-786-8000  ............................ CALL (480) 786-8000..........................................  **** fredriksauto.com ****  WE FINANCE EVERYONE - GOOD/BAD/NO CREDIT - NO PROBLEM!   WE HAVE A PROGRAM FOR EVERY CREDIT SITUATION - APPROVED!   BEST RATES AS LOW AS 2.99% - FOR WELL QUALIFIED BUYERS!  FOR FAST APPROVALS GO TO http://www.fredriksauto.com AND CLICK ON THE ‘FINANCING’ TAB  IMPLIED WARRANTY ON EVERY VEHICLE!   FREE Vehicle History REPORT!   YOU DESERVE A BETTER CAR!   BUY HERE PAY HERE   YOU ARE APPROVED REGARDLESS OF YOUR CREDIT OR INCOME   CALL 480-786-8000 FOR EASY TERM FINANCING DETAILS   WE HAVE BEEN IN HOUSE FINANCING SINCE 1999","https://cdn04.carsforsale.com/3/583369/10675468/892151408.jpg?dt=060920171941,https://cdn04.carsforsale.com/3/583369/10675468/892151411.jpg?dt=060920171941,https://cdn04.carsforsale.com/3/583369/10675468/892151412.jpg?dt=060920171941,https://cdn04.carsforsale.com/3/583369/10675468/892151413.jpg?dt=060920171941,https://cdn04.carsforsale.com/3/583369/10675468/892151414.jpg?dt=060920171941,https://cdn04.carsforsale.com/3/583369/10675468/892151415.jpg?dt=060920171941,https://cdn04.carsforsale.com/3/583369/10675468/892151416.jpg?dt=060920171941,https://cdn04.carsforsale.com/3/583369/10675468/892151417.jpg?dt=060920171941,https://cdn04.carsforsale.com/3/583369/10675468/892151419.jpg?dt=060920171941,https://cdn04.carsforsale.com/3/583369/10675468/892151430.jpg?dt=060920171941,https://cdn04.carsforsale.com/3/583369/10675468/892151431.jpg?dt=060920171941,https://cdn04.carsforsale.com/3/583369/10675468/892151433.jpg?dt=060920171941,https://cdn04.carsforsale.com/3/583369/10675468/892151434.jpg?dt=060920171941,https://cdn04.carsforsale.com/3/583369/10675468/892151437.jpg?dt=060920171941,https://cdn04.carsforsale.com/3/583369/10675468/892151438.jpg?dt=060920171941,https://cdn04.carsforsale.com/3/583369/10675468/892151440.jpg?dt=060920171941,https://cdn04.carsforsale.com/3/583369/10675468/892151670.jpg?dt=060920171941,https://cdn04.carsforsale.com/3/583369/10675468/892151673.jpg?dt=060920171941,https://cdn04.carsforsale.com/3/583369/10675468/892151675.jpg?dt=060920171941,https://cdn04.carsforsale.com/3/583369/10675468/892151678.jpg?dt=060920171941,https://cdn04.carsforsale.com/3/583369/10675468/892151681.jpg?dt=060920171941,https://cdn04.carsforsale.com/3/583369/10675468/892151684.jpg?dt=060920171941,https://cdn04.carsforsale.com/3/583369/10675468/892151686.jpg?dt=060920171941,https://cdn04.carsforsale.com/3/583369/10675468/892151689.jpg?dt=060920171941,https://cdn04.carsforsale.com/3/583369/10675468/892151692.jpg?dt=060920171941,https://cdn04.carsforsale.com/3/583369/10675468/892151695.jpg?dt=060920171941,https://cdn04.carsforsale.com/3/583369/10675468/892151697.jpg?dt=060920171941"
"583369","U","WDBUF65J55A671734","A671734","Mercedes-Benz","E-Class","2005","E 320 4dr Sedan","Sedan","126000","3.2L V6","3.2L V6","Gasoline","Automatic 5-Speed","7950","Black","Black","Abs - 4-Wheel| Anti-Theft System - Alarm| Center Console - Front Console With Storage| Center Console Trim - Wood| Clock| Cruise Control| Dash Trim - Wood| Daytime Running Lights| Door Trim - Wood| Driver Seat Power Adjustments| Easy Entry - Power Driver Seat| Front Air Conditioning - Automatic Climate Control| Front Air Conditioning Zones - Dual| Front Airbags - Dual| Front Fog Lights| Front Seat Type - Bucket| Front Wipers - Intermittent| Front Wipers - Rain Sensing| Headlights - Auto On/Off| Heated Front Seats| In-Dash Cd - Single Disc| Leather Interior Trim| Moonroof| Multi-Function Remote - Trunk Release| Navigation System| Passenger Seat Power Adjustments| Power Activated Trunk/Hatch| Power Door Locks| Power Moonroof| Power Steering| Power Windows| Premium Brand - Harman-Kardon| Radio - Am/Fm| Rear Seat Type - Bench| Ski Bag| Stability Control| Steering Wheel - Tilt And Telescopic| Steering Wheel Mounted Controls - Audio| Steering Wheel Trim - Leather| Sunshade - Power Rear Window| Tire Pressure Monitoring System| Traction Control| Trip Computer| Universal Remote Transmitter - Garage Door Opener| Upholstery - Leather| Wheel Diameter - 16 Inch| Window Defogger - Rear","2005 Mercedes-Benz E320 Navi,LIKE NEW!! EVERYONE IS APPROVED,  ABS Brakes, Air Conditioning, Alloy Wheels, AM/FM Stereo, Automatic Transmission, CD Audio, Cruise Control, Front Seat Heaters, Leather Seats, Overhead Airbags, Power Locks, Power Mirrors, Power Seat(s), Power Windows, Rear Defroster, Rear Sunshade, Side Airbags, Sunroof(s), Traction Control AND much more with only 126000 Miles. Price $7450, Call 602-418-4298 for more information  Buy Here & Pay Here  We buy cars.For fast approvals, give us a call! (O.A.C.) 480-786-8000  ............................ CALL (480) 786-8000..........................................  **** fredriksauto.com ****  WE FINANCE EVERYONE - GOOD/BAD/NO CREDIT - NO PROBLEM!   WE HAVE A PROGRAM FOR EVERY CREDIT SITUATION - APPROVED!   BEST RATES AS LOW AS 2.99% - FOR WELL QUALIFIED BUYERS!  FOR FAST APPROVALS GO TO http://www.fredriksauto.com AND CLICK ON THE ‘FINANCING’ TAB  IMPLIED WARRANTY ON EVERY VEHICLE!   FREE Vehicle History REPORT!   YOU DESERVE A BETTER CAR!   BUY HERE PAY HERE   YOU ARE APPROVED REGARDLESS OF YOUR CREDIT OR INCOME   CALL 480-786-8000 FOR EASY TERM FINANCING DETAILS   WE HAVE BEEN IN HOUSE FINANCING SINCE 1999","https://cdn04.carsforsale.com/3/583369/12368032/925197662.jpg?dt=082520170722,https://cdn04.carsforsale.com/3/583369/12368032/925197663.jpg?dt=082520170722,https://cdn04.carsforsale.com/3/583369/12368032/925197664.jpg?dt=082520170722,https://cdn04.carsforsale.com/3/583369/12368032/925197665.jpg?dt=082520170722,https://cdn04.carsforsale.com/3/583369/12368032/925197666.jpg?dt=082520170722,https://cdn04.carsforsale.com/3/583369/12368032/925197667.jpg?dt=082520170722,https://cdn04.carsforsale.com/3/583369/12368032/925197668.jpg?dt=082520170722,https://cdn04.carsforsale.com/3/583369/12368032/925197669.jpg?dt=082520170722,https://cdn04.carsforsale.com/3/583369/12368032/925197670.jpg?dt=082520170722,https://cdn04.carsforsale.com/3/583369/12368032/925197672.jpg?dt=082520170722,https://cdn04.carsforsale.com/3/583369/12368032/925197673.jpg?dt=082520170722,https://cdn04.carsforsale.com/3/583369/12368032/925197677.jpg?dt=082520170722,https://cdn04.carsforsale.com/3/583369/12368032/925197679.jpg?dt=082520170722,https://cdn04.carsforsale.com/3/583369/12368032/925197681.jpg?dt=082520170722,https://cdn04.carsforsale.com/3/583369/12368032/925197684.jpg?dt=082520170722,https://cdn04.carsforsale.com/3/583369/12368032/925197686.jpg?dt=082520170722,https://cdn04.carsforsale.com/3/583369/12368032/925197688.jpg?dt=082520170722,https://cdn04.carsforsale.com/3/583369/12368032/925197746.jpg?dt=082520170722"
"583369","U","WDBRF52H16A894047","6A894047","Mercedes-Benz","C-Class","2006","C 230 Sport 4dr Sedan","Sedan","124000","2.5L V6","2.5L V6","Gasoline","Automatic 7-Speed","8950","Red","Black","Grille Color - Chrome| Air Filtration| Armrests - Rear Center With Pass-Thru| Center Console Trim - Alloy| Dash Trim - Alloy| Door Trim - Alloy| Floor Mat Material - Carpet| Floor Mats - Front| Floor Mats - Rear| Front Air Conditioning - Automatic Climate Control| Front Air Conditioning Zones - Dual| Rear Vents - Second Row| Shift Knob Trim - Alloy| Shift Knob Trim - Leather| Steering Wheel Trim - Leather| Cargo Area Light| Center Console - Front Console With Storage| Cruise Control| Cupholders| Multi-Function Remote - Keyless Entry| Multi-Function Remote - Trunk Release| Power Outlet(S) - Front| Power Steering| Reading Lights - Front| Steering Wheel - Tilt And Telescopic| Steering Wheel Mounted Controls - Audio| Steering Wheel Mounted Controls - Phone| Storage - Cargo Tie-Down Anchors And Hooks| Storage - Door Pockets| Storage - Seatback| Front Brake Type - Ventilated Disc| Rear Brake Type - Disc| Abs - 4-Wheel| Braking Assist| Electronic Brakeforce Distribution| Front Suspension Classification - Independent| Front Suspension Type - Multi-Link| Rear Stabilizer Bar| Rear Suspension Classification - Independent| Rear Suspension Type - Multi-Link| Stability Control| Traction Control| Gauge - Tachometer| Clock| External Temperature Display| In-Dash Cd - Single Disc| Phone - Pre-Wired For Phone| Radio - Am/Fm| Speed Sensitive Volume Control| Trip Computer| Warnings And Reminders - Low Fuel Level| Daytime Running Lights| Front Fog Lights| Headlights - Auto Delay Off| Headlights","2006 Mercedes-Benz C230 4D Sedan  ABS Brakes, Air Conditioning, Alloy Wheels, AM/FM Stereo, Automatic Transmission, CD Audio, Cruise Control, Leatherette Seats, Overhead Airbags, Power Locks, Power Mirrors, Power Seat(s), Power Windows, Rear Defroster, Rear Sunshade, Side Airbags, Sunroof(s), Traction Control, low miles 124000, price $6950    Buy Here & Pay Here  We buy cars.For fast approvals, give us a call! (O.A.C.) 480-786-8000  ............................ CALL (480) 786-8000..........................................  **** fredriksauto.com ****  WE FINANCE EVERYONE - GOOD/BAD/NO CREDIT - NO PROBLEM!   WE HAVE A PROGRAM FOR EVERY CREDIT SITUATION - APPROVED!   BEST RATES AS LOW AS 2.99% - FOR WELL QUALIFIED BUYERS!  FOR FAST APPROVALS GO TO http://www.fredriksauto.com AND CLICK ON THE ‘FINANCING’ TAB  IMPLIED WARRANTY ON EVERY VEHICLE!   FREE Vehicle History REPORT!   602-418-4298 FREDRIK    WWW.FREDRIKSAUTO.COM","https://cdn04.carsforsale.com/3/583369/13816590/953618025.jpg?dt=101820172219,https://cdn04.carsforsale.com/3/583369/13816590/953618026.jpg?dt=101820172219,https://cdn04.carsforsale.com/3/583369/13816590/953618027.jpg?dt=101820172219,https://cdn04.carsforsale.com/3/583369/13816590/953618028.jpg?dt=101820172219,https://cdn04.carsforsale.com/3/583369/13816590/953618030.jpg?dt=101820172219,https://cdn04.carsforsale.com/3/583369/13816590/953618031.jpg?dt=101820172219,https://cdn04.carsforsale.com/3/583369/13816590/953618032.jpg?dt=101820172219,https://cdn04.carsforsale.com/3/583369/13816590/953618034.jpg?dt=101820172219,https://cdn04.carsforsale.com/3/583369/13816590/953618035.jpg?dt=101820172219,https://cdn04.carsforsale.com/3/583369/13816590/953618036.jpg?dt=101820172219,https://cdn04.carsforsale.com/3/583369/13816590/953618038.jpg?dt=101820172219,https://cdn04.carsforsale.com/3/583369/13816590/953618042.jpg?dt=101820172219,https://cdn04.carsforsale.com/3/583369/13816590/953618043.jpg?dt=101820172219,https://cdn04.carsforsale.com/3/583369/13816590/953618044.jpg?dt=101820172219,https://cdn04.carsforsale.com/3/583369/13816590/953618045.jpg?dt=101820172219,https://cdn04.carsforsale.com/3/583369/13816590/953618046.jpg?dt=101820172219,https://cdn04.carsforsale.com/3/583369/13816590/953618047.jpg?dt=101820172219,https://cdn04.carsforsale.com/3/583369/13816590/953618049.jpg?dt=101820172219"
"583369","U","3VWDJ71K98M044110","8M044110","Volkswagen","GLI","2008","Base 4dr Sedan 6A (ends mid April 08)","Sedan","139000","2.0L I4 Turbocharger","2.0L I4","Gasoline","Automatic 6-Speed","7950","Blue","Gray","Exhaust - Dual Tip| Door Handle Color - Body-Color| Front Bumper Color - Body-Color| Mirror Color - Body-Color| Rear Bumper Color - Body-Color| Rear Spoiler| Air Filtration| Armrests - Rear Center Folding With Storage And Pass-Thru| Center Console Trim - Alloy| Dash Trim - Alloy| Door Trim - Alloy| Floor Mat Material - Carpet| Floor Material - Cargo Area Carpet| Floor Mats - Front| Floor Mats - Rear| Foot Pedal Trim - Aluminum| Front Air Conditioning| Front Air Conditioning Zones - Single| Interior Accents - Metallic-Tone| Rear Vents - Second Row| Shift Knob Trim - Alloy| Steering Wheel Trim - Leather| Cargo Area Light| Center Console - Front Console With Storage| Cruise Control| Cupholders - Front| Cupholders - Rear| Multi-Function Remote - Keyless Entry| Multi-Function Remote - Trunk Release| One-Touch Windows - 1| Power Outlet(S) - 12v Cargo Area| Power Outlet(S) - 12v Front| Power Steering - Variable/Speed-Proportional| Reading Lights - Front| Retained Accessory Power| Steering Wheel - Tilt And Telescopic| Steering Wheel Mounted Controls - Audio| Steering Wheel Mounted Controls - Paddle Shifter| Storage - Door Pockets| Storage - Front Seatback| Storage - Organizer| Vanity Mirrors - Dual Illuminating| Front Brake Type - Ventilated Disc| Front Shock Type - Gas| Front Spring Type - Coil| Front Struts - Macpherson| Front Suspension Type - Lower Control Arms| Rear Brake Type - Disc| Rear Shock Type - Gas| Rear Spring Type - Coil| Abs - 4-Wheel| Braking Assist| Electronic Bra","2008 VOLKSWAGEN  JETTA GLI    2-Stage Unlocking Doors, Abs - 4-Wheel, Active Head Restraints - Dual Front, Air Filtration, Airbag Deactivation - Occupant Sensing Passenger, Antenna Type - Diversity, Anti-Theft System - Alarm With Remote, Anti-Theft System - Engine Immobilizer, Armrests - Rear Center Folding With Storage And Pass-Thru, Auxiliary Audio Input - Jack, Cargo Area Light, Center Console - Front Console With Storage, Child Safety Door Locks, Child Seat Anchors, Cruise Control, Cupholders - Front, Cupholders - Rear, Daytime Running Lights, Driver Seat - Heated, Driver Seat Manual Adjustments - 8, Driver Seat Manual Adjustments - Height, Driver Seat Manual Adjustments - Lumbar, Driver Seat Power Adjustments - 2, Driver Seat Power Adjustments - Reclining, Electronic Brakeforce Distribution, Emergency Interior Trunk Release, Exhaust - Dual Tip, External Temperature Display, Floor Mat Material - Rubber/Vinyl, Floor Material - Cargo Area Carpet, Floor Material - Carpet, Floor Mats - Front, Floor Mats - Rear, Front Air Conditioning, Front Air Conditioning Zones - Single, Front Airbags - Dual, Front Brake Diameter - 11.3, Front Brake Type - Ventilated Disc, Front Brake Width - 1.0, Front Headrests - 2, Front Headrests - Adjustable, Front Seat Type - Bucket, Front Shock Type - Gas, Front Spring Type - Coil, Front Struts - Macpherson, Front Suspension Classification - Independent, Front Suspension Type - Lower Control Arms, Front Wipers - Intermittent, Gauge - Tachometer, Grille Color - Chrome, Heated Windshield Washer Jets, In-Dash Cd - 6 Disc, In-Dash Cd - Mp3 Playback, Moonroof / Sunroof - One-Touch Open/Close, Moonroof / Sunroof - Power Glass, Moonroof / Sunroof - Remotely Operated, Multi-Function Remote - Keyless Entry, Multi-Function Remote - Trunk Release, Parking Brake Trim - Leather, Passenger Seat - Heated, Passenger Seat Manual Adjustments - 8, Passenger Seat Manual Adjustments - Height, Passenger Seat Manual Adjustments - Lumbar, Power Door Locks, Power Outlet(S) - 12v Cargo Area, Power Outlet(S) - 12v Front, Power Steering - Variable/Speed-Proportional, Power Windows, Power Windows - Remotely Operated, Radio - Am/Fm, Reading Lights - Front, Rear Brake Diameter - 10.2, Rear Brake Type - Disc, Rear Brake Width - 0.5, Rear Headrests - 3, Rear Headrests - Adjustable, Rear Seat Folding - Flat, Rear Seat Folding - Split, Rear Seat Type - Bench, Rear Seatbelts - Center 3-Point, Rear Shock Type - Gas, Rear Spring Type - Coil, Rear Stabilizer Bar, Rear Suspension Classification - Independent, Rear Suspension Type - Multi-Link, Rear Vents - Second Row, Retained Accessory Power, Satellite Radio - Siriusxm, Seatbelt Force Limiters - Front, Seatbelt Pretensioners - Front, Shift Knob Trim - Leather, Side Airbags - Front, Side Curtain Airbags - Front, Side Mirror Adjustments - Power, Side Mirrors - Driver Side Only Heated, Side Mirrors - Heated, Side Mirrors - Integrated Turn Signals, Spare Tire Mount Location - Inside, Spare Tire Size - Full-Size Non-Matching, Spare Wheel Type - Steel, Speed Sensitive Volume Control, Stability Control, Steering Wheel - Tilt And Telescopic, Steering Wheel Mounted Controls - Paddle Shifter, Steering Wheel Trim - Leather, Storage - Door Pockets, Storage - Front Seatback, Storage - Grocery Bag Holder, Storage - Organizer, Tire Pressure Monitoring System, Tire Type - All Season, Total Speakers - 10, Traction Control, Upholstery - Leatherette, Vanity Mirrors - Dual Illuminating, Warnings And Reminders - Low Fuel Level, Warnings And Reminders - Tire Fill Alert, Window Defogger - Rear  BUY HER & PAY HERE   WE FINANCE ANY CREDIT  480-786-8000  FREDRIKS AUTO  3105 E. MAIN ST MESA AZ 85213      www.fredriksauto.com","https://cdn04.carsforsale.com/3/583369/14446240/963954805.jpg?dt=111120170105,https://cdn04.carsforsale.com/3/583369/14446240/963954812.jpg?dt=111120170105,https://cdn04.carsforsale.com/3/583369/14446240/963954815.jpg?dt=111120170105,https://cdn04.carsforsale.com/3/583369/14446240/963954827.jpg?dt=111120170105,https://cdn04.carsforsale.com/3/583369/14446240/963954836.jpg?dt=111120170105,https://cdn04.carsforsale.com/3/583369/14446240/963954846.jpg?dt=111120170105,https://cdn04.carsforsale.com/3/583369/14446240/963954852.jpg?dt=111120170105,https://cdn04.carsforsale.com/3/583369/14446240/963954866.jpg?dt=111120170105,https://cdn04.carsforsale.com/3/583369/14446240/963954878.jpg?dt=111120170105,https://cdn04.carsforsale.com/3/583369/14446240/963954890.jpg?dt=111120170105,https://cdn04.carsforsale.com/3/583369/14446240/963954907.jpg?dt=111120170105,https://cdn04.carsforsale.com/3/583369/14446240/963954929.jpg?dt=111120170105,https://cdn04.carsforsale.com/3/583369/14446240/963954936.jpg?dt=111120170105,https://cdn04.carsforsale.com/3/583369/14446240/963954939.jpg?dt=111120170105,https://cdn04.carsforsale.com/3/583369/14446240/963954947.jpg?dt=111120170105,https://cdn04.carsforsale.com/3/583369/14446240/963954951.jpg?dt=111120170105,https://cdn04.carsforsale.com/3/583369/14446240/963954959.jpg?dt=111120170105,https://cdn04.carsforsale.com/3/583369/14446240/963954964.jpg?dt=111120170105,https://cdn04.carsforsale.com/3/583369/14446240/963954969.jpg?dt=111120170105,https://cdn04.carsforsale.com/3/583369/14446240/963954978.jpg?dt=111120170105,https://cdn04.carsforsale.com/3/583369/14446240/963954982.jpg?dt=111120170105"
"583369","U","WDBRF40J85F723023","5F723023","Mercedes-Benz","C-Class","2005","C 230 Kompressor 4dr Sedan","Sedan","106000","1.8L I4 Supercharger","1.8L I4","Gasoline","Automatic 5-Speed","6950","Red","Black","Center Console Trim - Alloy| Dash Trim - Alloy| Door Trim - Alloy| Front Air Conditioning - Automatic Climate Control| Front Air Conditioning Zones - Dual| Shift Knob Trim - Alloy| Shift Knob Trim - Leather| Steering Wheel Trim - Leather| Center Console - Front Console With Storage| Cruise Control| Multi-Function Remote - Keyless Entry| Multi-Function Remote - Trunk Release| Power Steering| Steering Wheel - Tilt And Telescopic| Abs - 4-Wheel| Stability Control| Traction Control| Gauge - Tachometer| Clock| In-Dash Cd - Single Disc| Radio - Am/Fm| Daytime Running Lights| Front Fog Lights| Headlights - Auto On/Off| Tire Type| Wheel Diameter - 17 Inch| Wheels - Alloy| Window Defogger - Rear| Front Wipers - Intermittent| Power Windows| Anti-Theft System - Alarm| Front Airbags - Dual| Power Door Locks| Side Airbags - Front| Side Airbags - Rear| Side Curtain Airbags - Front| Side Mirror Adjustments - Power| Side Mirrors - Heated| Side Mirrors - Integrated Turn Signals| Driver Seat Power Adjustments| Front Seat Type - Bucket| Rear Seat Type - Bench","2005 Mercedes-Benz C230 4D Sedan Kompressor, 1.8L I4 Supercharger,Low Miles 106000,  ABS Brakes, Air Conditioning, Alloy Wheels, AM/FM Stereo, Automatic Transmission, CD Audio, Cruise Control, Leather Seats, Overhead Airbags, Power Locks, Power Mirrors, Power Windows, Rear Defroster, Rear Sunshade, Side Airbags, Sunroof(s), Traction Control, Price $5450  Buy Here & Pay Here   We buy cars.For fast approvals, give us a call! (O.A.C.) 480-786-8000  ............................ CALL (480) 786-8000..........................................  **** fredriksauto.com ****   WE FINANCE EVERYONE - GOOD/BAD/NO CREDIT - NO PROBLEM!    WE HAVE A PROGRAM FOR EVERY CREDIT SITUATION - APPROVED!    BEST RATES AS LOW AS 2.99% - FOR WELL QUALIFIED BUYERS!   FOR FAST APPROVALS GO TO http://www.fredriksauto.com AND CLICK ON THE ‘FINANCING’ TAB  IMPLIED  WARRANTY ON EVERY VEHICLE!    FREE Vehicle History REPORT!","https://cdn04.carsforsale.com/3/583369/14606300/966093959.jpg?dt=111820170451,https://cdn04.carsforsale.com/3/583369/14606300/966093961.jpg?dt=111820170451,https://cdn04.carsforsale.com/3/583369/14606300/966093965.jpg?dt=111820170451,https://cdn04.carsforsale.com/3/583369/14606300/966093977.jpg?dt=111820170451,https://cdn04.carsforsale.com/3/583369/14606300/966094000.jpg?dt=111820170451,https://cdn04.carsforsale.com/3/583369/14606300/966094008.jpg?dt=111820170451,https://cdn04.carsforsale.com/3/583369/14606300/966094017.jpg?dt=111820170451,https://cdn04.carsforsale.com/3/583369/14606300/966094018.jpg?dt=111820170451,https://cdn04.carsforsale.com/3/583369/14606300/966094021.jpg?dt=111820170451,https://cdn04.carsforsale.com/3/583369/14606300/966094022.jpg?dt=111820170451,https://cdn04.carsforsale.com/3/583369/14606300/966094025.jpg?dt=111820170451,https://cdn04.carsforsale.com/3/583369/14606300/966094027.jpg?dt=111820170451,https://cdn04.carsforsale.com/3/583369/14606300/966094028.jpg?dt=111820170451,https://cdn04.carsforsale.com/3/583369/14606300/966094040.jpg?dt=111820170451,https://cdn04.carsforsale.com/3/583369/14606300/966094049.jpg?dt=111820170451,https://cdn04.carsforsale.com/3/583369/14606300/966094064.jpg?dt=111820170451,https://cdn04.carsforsale.com/3/583369/14606300/966094069.jpg?dt=111820170451,https://cdn04.carsforsale.com/3/583369/14606300/966094072.jpg?dt=111820170451"
"583369","U","WBAVC53527FZ73614","FZ73614","BMW","3 Series","2007","328i 4dr Sedan","Sedan","111000","3.0L I6","3.0L I6","Gasoline","Automatic 6-Speed","8950","White","Black","Air Filtration - Active Charcoal| Armrests - Rear Center Folding With Storage| Center Console Trim - Wood| Dash Trim - Wood| Door Trim - Wood| Floor Mat Material - Carpet| Floor Mats - Front| Floor Mats - Rear| Front Air Conditioning - Automatic Climate Control| Front Air Conditioning Zones - Dual| Rear Vents - Second Row| Steering Wheel Trim - Alloy| Steering Wheel Trim - Leather| Cargo Area Light| Center Console - Front Console With Storage| Cruise Control| Cupholders - Front| Cupholders - Rear| Memorized Settings - Climate Control| Multi-Function Remote - Keyless Entry| Multi-Function Remote - Trunk Release| One-Touch Windows - 4| Power Outlet(S) - 12v Front| Power Steering - Variable/Speed-Proportional| Reading Lights - Front| Reading Lights - Rear| Retained Accessory Power| Steering Wheel - Tilt And Telescopic| Steering Wheel Mounted Controls - Audio| Steering Wheel Mounted Controls - Phone| Storage - Cooled Compartment| Storage - Door Pockets| Storage - Front Seatback| Storage - Organizer| Vanity Mirrors - Dual Illuminating| Front Brake Type - Ventilated Disc| Front Shock Type - Gas| Front Spring Type - Coil| Front Struts - Macpherson| Front Suspension Type - Double Ball Joint| Hill Holder Control| Rear Brake Type - Ventilated Disc| Rear Shock Type - Gas| Rear Spring Type - Coil| Abs - 4-Wheel| Axle Ratio - 3.23| Brake Drying| Braking Assist| Electronic Brakeforce Distribution| Emergency Braking Preparation| Front Brake Diameter - 11.8| Front Brake Width - .95| Front","2007 BMW 328I 4D Sedan, Low miles 111000, Very clean  ABS Brakes, Air Conditioning, Alloy Wheels, AM/FM Stereo, Automatic Transmission, Auxiliary Audio Input, CD Audio, Cruise Control, Leatherette Seats,  Overhead Airbags, Power Locks, Power Mirrors, Power Windows, Rear Defroster, Run Flat Tires, Side Airbags, Sunroof(s), Traction Control  PRICE $7000  AND       WE DO OFFER EASY TERM FINANCING, PLEASE CALL FOR   MORE INFORMATION (480*786*8000) THANK YOU.   BUY HERE & PAY HERE  EASY TERM , EVERYONE IS APPROVED, Call for more detail on our in-house financing      www.fredriksauto.com","https://cdn04.carsforsale.com/3/583369/14697869/968091758.jpg?dt=111920171948,https://cdn04.carsforsale.com/3/583369/14697869/968091759.jpg?dt=111920171948,https://cdn04.carsforsale.com/3/583369/14697869/968091760.jpg?dt=111920171948,https://cdn04.carsforsale.com/3/583369/14697869/968091761.jpg?dt=111920171948,https://cdn04.carsforsale.com/3/583369/14697869/968091762.jpg?dt=111920171948,https://cdn04.carsforsale.com/3/583369/14697869/968091763.jpg?dt=111920171948,https://cdn04.carsforsale.com/3/583369/14697869/968091764.jpg?dt=111920171948,https://cdn04.carsforsale.com/3/583369/14697869/968091765.jpg?dt=111920171948,https://cdn04.carsforsale.com/3/583369/14697869/968091766.jpg?dt=111920171948,https://cdn04.carsforsale.com/3/583369/14697869/968091767.jpg?dt=111920171948,https://cdn04.carsforsale.com/3/583369/14697869/968091768.jpg?dt=111920171948,https://cdn04.carsforsale.com/3/583369/14697869/968091769.jpg?dt=111920171948,https://cdn04.carsforsale.com/3/583369/14697869/968091770.jpg?dt=111920171948,https://cdn04.carsforsale.com/3/583369/14697869/968091771.jpg?dt=111920171948,https://cdn04.carsforsale.com/3/583369/14697869/968091773.jpg?dt=111920171948,https://cdn04.carsforsale.com/3/583369/14697869/968091775.jpg?dt=111920171948,https://cdn04.carsforsale.com/3/583369/14697869/968091776.jpg?dt=111920171948"
"583369","U","1G1PA5SHXE7471866","E7471866","Chevrolet","Cruze","2014","LS Auto 4dr Sedan w/1SB","Sedan","38000","1.8L I4","1.8L I4","Gasoline","Automatic 6-Speed","10950","Blue","Gray","Door Handle Color - Body-Color| Front Bumper Color - Body-Color| Grille Color - Black| Mirror Color - Black| Rear Bumper Color - Body-Color| Window Trim - Black| Air Filtration| Armrests - Rear Center With Cupholders| Armrests - Rear Folding| Floor Mat Material - Carpet| Floor Material - Carpet| Front Air Conditioning| Front Air Conditioning Zones - Single| Interior Accents - Metallic-Tone| Rear Vents - Second Row| Shift Knob Trim - Urethane| Steering Wheel Trim - Urethane| Ambient Lighting| Assist Handle - Front| Assist Handle - Rear| Cargo Area Light| Center Console - Front Console With Armrest And Storage| Cupholders - Front| Cupholders - Rear| Dimming Rearview Mirror - Manual Day/Night| Multi-Function Remote - Keyless Entry| Multi-Function Remote - Panic Alarm| Multi-Function Remote - Trunk Release| One-Touch Windows - 4| Power Steering| Power Windows - Lockout Button| Reading Lights - Front| Retained Accessory Power| Steering Wheel - Tilt And Telescopic| Steering Wheel Mounted Controls - Audio| Steering Wheel Mounted Controls - Phone| Storage - Door Pockets| Storage - Front Seatback| Vanity Mirrors - Dual| Front Brake Type - Ventilated Disc| Front Shock Type - Gas| Front Spring Type - Coil| Front Struts - Macpherson| Front Suspension Type - Lower Control Arms| Rear Brake Type - Drum| Rear Shock Type - Gas| Rear Spring Type - Coil| Rear Suspension Type - Torsion Beam| Abs - 4-Wheel| Axle Ratio - 3.72| Electronic Brakeforce Distribution| Front Brake Diameter - 10.8| Fron","2014 Chevrolet Cruze 4D Sedan, Low Miles 38000, Fully Loaded  ABS Brakes, Air Conditioning, AM/FM Stereo, Automatic Transmission, Auxiliary Audio Input, Bluetooth, CD Audio, Cloth Seats, OnStar Trial Available, Overhead Airbags, Power Locks, Power Mirrors, Power Windows, Rear Defroster, Satellite Radio Ready, Side Airbags, Traction Control,      BUY HERE & PAY HERE @ www.fredriksauto.com , EASY TERM, NO CREDIT REQUIRE  CALL TODAY & DRIVE TODAY 480-786-8000  FREDRIK'S AUTO  3105 E. MAIN ST  MESA AZ 85213","https://cdn04.carsforsale.com/3/583369/15116581/974656928.jpg?dt=120720170445,https://cdn04.carsforsale.com/3/583369/15116581/974656940.jpg?dt=120720170445,https://cdn04.carsforsale.com/3/583369/15116581/974656946.jpg?dt=120720170445,https://cdn04.carsforsale.com/3/583369/15116581/974656953.jpg?dt=120720170445,https://cdn04.carsforsale.com/3/583369/15116581/974656961.jpg?dt=120720170445,https://cdn04.carsforsale.com/3/583369/15116581/974656973.jpg?dt=120720170445,https://cdn04.carsforsale.com/3/583369/15116581/974656979.jpg?dt=120720170445,https://cdn04.carsforsale.com/3/583369/15116581/974656989.jpg?dt=120720170445,https://cdn04.carsforsale.com/3/583369/15116581/974657000.jpg?dt=120720170445,https://cdn04.carsforsale.com/3/583369/15116581/974657006.jpg?dt=120720170445,https://cdn04.carsforsale.com/3/583369/15116581/974657016.jpg?dt=120720170445,https://cdn04.carsforsale.com/3/583369/15116581/974657025.jpg?dt=120720170445,https://cdn04.carsforsale.com/3/583369/15116581/974657034.jpg?dt=120720170445,https://cdn04.carsforsale.com/3/583369/15116581/974657053.jpg?dt=120720170445,https://cdn04.carsforsale.com/3/583369/15116581/974657068.jpg?dt=120720170445,https://cdn04.carsforsale.com/3/583369/15116581/974657078.jpg?dt=120720170445,https://cdn04.carsforsale.com/3/583369/15116581/974657091.jpg?dt=120720170445,https://cdn04.carsforsale.com/3/583369/15116581/974657107.jpg?dt=120720170445,https://cdn04.carsforsale.com/3/583369/15116581/974657114.jpg?dt=120720170445"
"583369","U","5NPEC4AC7BH079590","BH079590","Hyundai","Sonata","2011","Limited 4dr Sedan","Sedan","126000","2.4L I4","2.4L I4","Gasoline","Automatic 6-Speed","7950","Blue","Gray","Body Side Moldings - Chrome Accents| Door Handle Color - Chrome| Front Bumper Color - Body-Color| Front Bumper Color - Chrome Accents| Grille Color - Black With Chrome Accents| Mirror Color - Body-Color| Rear Bumper Color - Body-Color| Window Trim - Chrome| Air Filtration| Armrests - Rear Center With Cupholders| Door Trim - Leather| Floor Material - Carpet| Front Air Conditioning - Automatic Climate Control| Front Air Conditioning Zones - Single| Interior Accents - Woodgrain| Rear Vents - Second Row| Shift Knob Trim - Leather| Steering Wheel Trim - Leather| Cargo Area Light| Center Console - Dual Level| Center Console - Front Console With Armrest And Storage| Cruise Control| Cupholders - 4| Cupholders - Front| Cupholders - Rear| Dimming Rearview Mirror - Auto| Multi-Function Remote - Fuel Filler Door Release| Multi-Function Remote - Keyless Entry| Multi-Function Remote - Panic Alarm| Multi-Function Remote - Trunk Release| One-Touch Windows - 1| Power Outlet(S) - 12v| Power Steering - Variable/Speed-Proportional| Power Windows - Lockout Button| Push-Button Start| Reading Lights - Front| Steering Wheel - Tilt And Telescopic| Steering Wheel Mounted Controls - Audio| Steering Wheel Mounted Controls - Cruise Control| Storage - Accessory Hook| Storage - Door Pockets| Storage - Front Seatback| Sun Visors| Universal Remote Transmitter - Homelink - Garage Door Opener| Vanity Mirrors - Dual Illuminating| Axle Ratio - 2.89| Front Brake Type - Ventilated Disc| Front Shock Type - Twin-T","2011 Hyundai Sonata 4D Sedan  ABS Brakes, Air Conditioning, Alloy Wheels, AM/FM Stereo, Automatic Transmission, Auxiliary Audio Input, Bluetooth, CD Audio, Cruise Control, Front Seat Heaters, Infinity Sound System, Leather Seats,  Overhead Airbags, Power Locks, Power Mirrors, Power Seat(s), Power Windows, Rear Defroster, , Satellite Radio Ready, Side Airbags, Smart Key, Sunroof(s), Traction Control, low Miles of 126000, Price $7950, Call 602-418-4298 for more information","https://cdn04.carsforsale.com/3/583369/16556901/998937811.jpg?dt=012720182341,https://cdn04.carsforsale.com/3/583369/16556901/998937813.jpg?dt=012720182341,https://cdn04.carsforsale.com/3/583369/16556901/998937814.jpg?dt=012720182341,https://cdn04.carsforsale.com/3/583369/16556901/998937816.jpg?dt=012720182341,https://cdn04.carsforsale.com/3/583369/16556901/998937818.jpg?dt=012720182341,https://cdn04.carsforsale.com/3/583369/16556901/998937820.jpg?dt=012720182341,https://cdn04.carsforsale.com/3/583369/16556901/998937822.jpg?dt=012720182341,https://cdn04.carsforsale.com/3/583369/16556901/998937824.jpg?dt=012720182341,https://cdn04.carsforsale.com/3/583369/16556901/998937825.jpg?dt=012720182341,https://cdn04.carsforsale.com/3/583369/16556901/998937829.jpg?dt=012720182341,https://cdn04.carsforsale.com/3/583369/16556901/998937835.jpg?dt=012720182341,https://cdn04.carsforsale.com/3/583369/16556901/998937842.jpg?dt=012720182341,https://cdn04.carsforsale.com/3/583369/16556901/998937849.jpg?dt=012720182341,https://cdn04.carsforsale.com/3/583369/16556901/998937853.jpg?dt=012720182341,https://cdn04.carsforsale.com/3/583369/16556901/998937857.jpg?dt=012720182341,https://cdn04.carsforsale.com/3/583369/16556901/998937861.jpg?dt=012720182341,https://cdn04.carsforsale.com/3/583369/16556901/998937878.jpg?dt=012720182341,https://cdn04.carsforsale.com/3/583369/16556901/998937882.jpg?dt=012720182341,https://cdn04.carsforsale.com/3/583369/16556901/998937888.jpg?dt=012720182341,https://cdn04.carsforsale.com/3/583369/16556901/998937894.jpg?dt=012720182341,https://cdn04.carsforsale.com/3/583369/16556901/998937897.jpg?dt=012720182342"
"583369","U","ZC2FS1200LB205893","LB205893","Chrysler","TC","1990","Base 2dr Convertible","Convertible","45000","3.0L V6","3.0L V6","Gasoline","Automatic 4-Speed","8950","White","Black","Front Air Conditioning| Center Console| Cruise Control| Power Steering| Steering Wheel - Tilt| Abs - 4-Wheel| Power Brakes| Gauge - Tachometer| Cassette| Premium Brand| Radio - Am/Fm| Exterior Entry Lights| Wheel Diameter - 15 Inch| Wheels - Alloy| Power Windows| Front Airbags - Driver Side| Power Door Locks| Side Mirror Adjustments - Power| Side Mirrors - Heated| Driver Seat Power Adjustments| Front Seat Type - Bucket| Passenger Seat Power Adjustments| Upholstery - Leather","1990 CHRYSLER TC BY MASERATI , CONVERTIBLE WITH BOTH SOFT & HARD TOP, FULLY LOADED ,POWER SEATS AND WINDOWS, AM/FM CASSETTE ,CRUSE CONTROL, ABS BRAKES, AND LOTS MORE , VERY LOW MILES , THEY HAVE MADE 300 OF THIS CAR IN THAT YEAR WITH 45000 ORIGINAL MILES,Luxury Touring Convertible. Coachwork by Maserati on Chrysler's 3.0 Liter V-6 engine and automatic transmission (built in Milan, Italy). Excellent condition. Always garaged, non-smoking, accident free. Low mileage @ 45000. Arctic White body with Black Italian-leather interior. foldable soft-top, plus white removable hard-top with opera windows. Hard-top. CD player with AM-FM radio. ABS disc-brake system , original tool kit .    Price $7950 ,  CALL US @ 480-786-8000 FOR ANY MORE INFORMATION,    FREDRIKS AUTO  3105 E. MAIN ST MESA  AZ 85213  WWW.FREDRIKSAUTO.COM","https://cdn04.carsforsale.com/3/583369/17351067/1010674215.jpg?dt=022420180705,https://cdn04.carsforsale.com/3/583369/17351067/1010674220.jpg?dt=022420180705,https://cdn04.carsforsale.com/3/583369/17351067/1010674225.jpg?dt=022420180705,https://cdn04.carsforsale.com/3/583369/17351067/1010674227.jpg?dt=022420180705,https://cdn04.carsforsale.com/3/583369/17351067/1010674230.jpg?dt=022420180705,https://cdn04.carsforsale.com/3/583369/17351067/1010674233.jpg?dt=022420180705,https://cdn04.carsforsale.com/3/583369/17351067/1010674238.jpg?dt=022420180705,https://cdn04.carsforsale.com/3/583369/17351067/1010674241.jpg?dt=022420180705,https://cdn04.carsforsale.com/3/583369/17351067/1010674245.jpg?dt=022420180705,https://cdn04.carsforsale.com/3/583369/17351067/1010674249.jpg?dt=022420180705,https://cdn04.carsforsale.com/3/583369/17351067/1010674253.jpg?dt=022420180705,https://cdn04.carsforsale.com/3/583369/17351067/1010674259.jpg?dt=022420180705,https://cdn04.carsforsale.com/3/583369/17351067/1010674261.jpg?dt=022420180705,https://cdn04.carsforsale.com/3/583369/17351067/1010674265.jpg?dt=022420180705,https://cdn04.carsforsale.com/3/583369/17351067/1010674268.jpg?dt=022420180705,https://cdn04.carsforsale.com/3/583369/17351067/1010674271.jpg?dt=022420180705,https://cdn04.carsforsale.com/3/583369/17351067/1010674274.jpg?dt=022420180705,https://cdn04.carsforsale.com/3/583369/17351067/1010674278.jpg?dt=022420180705,https://cdn04.carsforsale.com/3/583369/17351067/1010674281.jpg?dt=022420180705,https://cdn04.carsforsale.com/3/583369/17351067/1010674286.jpg?dt=022420180705,https://cdn04.carsforsale.com/3/583369/17351067/1010674290.jpg?dt=022420180705"
"583369","U","WMWSV3C50CTY28598","TY28598","MINI","Cooper Hardtop","2012","S 2dr Hatchback","Hatchback","91000","1.6L I4 Turbocharger","1.6L I4","Gasoline","Manual 6-Speed","8950","Teal","Black","Exhaust - Dual Tip| Exhaust Tip Color - Chrome| Front Bumper Color - Body-Color| Grille Color - Black| Hood Scoop| Rear Bumper Color - Body-Color| Rear Spoiler| Center Console Trim - Alloy| Dash Trim - Alloy| Door Trim - Alloy| Foot Pedal Trim - Aluminum| Front Air Conditioning| Front Air Conditioning Zones - Single| Rear Vents - Second Row| Steering Wheel Trim - Leather| Ambient Lighting - Color-Adjustable| Cargo Area Light| Center Console - Front Console With Storage| Cruise Control| Cupholders - Front| Cupholders - Rear| Easy Entry - Manual Rear Seat| Footwell Lights| Multi-Function Remote - Keyless Entry| Multi-Function Remote - Trunk Release| One-Touch Windows - 2| Power Outlet(S) - 12v Cargo Area| Power Outlet(S) - 12v Front| Power Steering - Variable/Speed-Proportional| Push-Button Start| Reading Lights - Front| Steering Wheel - Tilt And Telescopic| Steering Wheel Mounted Controls - Audio| Steering Wheel Mounted Controls - Cruise Control| Storage - Door Pockets| Vanity Mirrors - Dual Illuminating| Front Brake Type - Ventilated Disc| Front Shock Type - Gas| Front Spring Type - Coil| Front Struts - Macpherson| Front Suspension Type - Lower Control Arms| Rear Brake Type - Disc| Rear Shock Type - Gas| Rear Spring Type - Coil| Abs - 4-Wheel| Axle Ratio - 3.65| Cornering Brake Control| Electronic Brakeforce Distribution| Front Brake Diameter - 11.6| Front Brake Width - 0.9| Front Suspension Classification - Independent| Rear Brake Diameter - 10.2| Rear Brake Width - 0.4| R","2012 Mini Cooper 2D Hatchback  Keyless starter, ABS Brakes, Air Conditioning, Alloy Wheels, AM/FM Stereo, Auxiliary Audio Input, CD Audio, Leatherette Seats, 6 Speed Manual Transmission, Overhead Airbags,  Power Locks, Power Mirrors, Power Windows, Rear Defroster, Run Flat Tires, Side Airbags, Traction Control, Turbo Charged Engine, 91000 Miles, All service has just been done, 27 Miles city & 35 Miles highway MPG, Call Fredrik for any additional information, @ 602-418-4298 Thank You      BUY HERE & PAY HERE @ www.fredriksauto.com ,   EASY TERM, NO CREDIT REQUIRE  CALL TODAY & DRIVE TODAY 480-786-8000  FREDRIK'S AUTO  3105 E. MAIN ST  MESA AZ 85213","https://cdn04.carsforsale.com/3/583369/17429377/1011960731.jpg?dt=022520180857,https://cdn04.carsforsale.com/3/583369/17429377/1011960735.jpg?dt=022520180857,https://cdn04.carsforsale.com/3/583369/17429377/1011960736.jpg?dt=022520180857,https://cdn04.carsforsale.com/3/583369/17429377/1011960740.jpg?dt=022520180857,https://cdn04.carsforsale.com/3/583369/17429377/1011960742.jpg?dt=022520180857,https://cdn04.carsforsale.com/3/583369/17429377/1011960744.jpg?dt=022520180857,https://cdn04.carsforsale.com/3/583369/17429377/1011960746.jpg?dt=022520180857,https://cdn04.carsforsale.com/3/583369/17429377/1011960749.jpg?dt=022520180857,https://cdn04.carsforsale.com/3/583369/17429377/1011960750.jpg?dt=022520180857,https://cdn04.carsforsale.com/3/583369/17429377/1011960753.jpg?dt=022520180857,https://cdn04.carsforsale.com/3/583369/17429377/1011960757.jpg?dt=022520180857,https://cdn04.carsforsale.com/3/583369/17429377/1011960759.jpg?dt=022520180857,https://cdn04.carsforsale.com/3/583369/17429377/1011960761.jpg?dt=022520180857,https://cdn04.carsforsale.com/3/583369/17429377/1011960768.jpg?dt=022520180857,https://cdn04.carsforsale.com/3/583369/17429377/1011960772.jpg?dt=022520180857,https://cdn04.carsforsale.com/3/583369/17429377/1011960775.jpg?dt=022520180857,https://cdn04.carsforsale.com/3/583369/17429377/1011960779.jpg?dt=022520180857,https://cdn04.carsforsale.com/3/583369/17429377/1011960783.jpg?dt=022520180857,https://cdn04.carsforsale.com/3/583369/17429377/1011960786.jpg?dt=022520180857,https://cdn04.carsforsale.com/3/583369/17429377/1011960788.jpg?dt=022520180857,https://cdn04.carsforsale.com/3/583369/17429377/1011962252.jpg?dt=022520180857"
"583369","U","WDBUF70J85A662037","5A662037","Mercedes-Benz","E-Class","2005","E 500 4dr Sedan","Sedan","149647","5.0L V8","5.0L V8","Gasoline","Automatic 7-Speed","8950","Silver","Black","Center Console Trim - Wood| Dash Trim - Wood| Door Trim - Leather| Door Trim - Wood| Front Air Conditioning - Automatic Climate Control| Front Air Conditioning Zones - Dual| Rear Air Conditioning - Automatic Climate Control| Shift Knob Trim - Leather| Shift Knob Trim - Wood| Steering Wheel Trim - Leather| Center Console - Front Console With Storage| Cruise Control| Dimming Rearview Mirror - Auto| Easy Entry - Power Driver Seat| Memorized Settings - Driver Seat| Memorized Settings - Passenger Seat| Multi-Function Remote - Keyless Entry| Multi-Function Remote - Trunk Release| Power Steering| Steering Wheel - Tilt And Telescopic| Steering Wheel Mounted Controls - Audio| Universal Remote Transmitter - Garage Door Opener| Air Suspension - Rear| Front Spring Type - Pneumatic| Front Suspension Type - Double Wishbone| Rear Spring Type - Pneumatic| Abs - 4-Wheel| Active Suspension| Air Suspension| Driver Adjustable Suspension - Height| Driver Adjustable Suspension - Ride Control| Front Suspension Classification - Independent| Rear Stabilizer Bar| Rear Suspension Classification - Independent| Rear Suspension Type - Multi-Link| Self Leveling Suspension| Stability Control| Suspension Control - Electronic| Traction Control| Gauge - Tachometer| Satellite Communications - Telematics System| Clock| In-Dash Cd - Single Disc| Radio - Am/Fm| Trip Computer| Daytime Running Lights| Front Fog Lights| Headlights - Auto On/Off| Wheel Diameter - 17 Inch| Wheels - Alloy| Window Defogger - Rear| Fron","2005 Mercedes-Benz E500 4D Sedan, Miles 149647,   ABS Brakes, Adjustable Suspension, Air Conditioning, Alloy Wheels, AM/FM Stereo, Automatic Transmission, CD Audio, Cruise Control, Harman Kardon Sound, Leather Heated Seats, Memory Seat(s), Overhead Airbags, Power Locks, Power Mirrors, Power Seat(s), Power Windows, Rear Defroster, Rear Sunshade, Side Airbags, Sunroof(s), Traction Control, Navigation, Privacy Shade, Chrome Wheels, New Suspension & Brakes, All service has just been performed, Price $7950.  Please call 602-418-4298 for any other information.                                                        Buy Here & Pay Here  We buy cars.For fast approvals, give us a call! (O.A.C.) 480-786-8000  ............................ CALL (480) 786-8000..........................................  **** fredriksauto.com ****  WE FINANCE EVERYONE - GOOD/BAD/NO CREDIT - NO PROBLEM!   WE HAVE A PROGRAM FOR EVERY CREDIT SITUATION - APPROVED!   BEST RATES AS LOW AS 2.99% - FOR WELL QUALIFIED BUYERS!  FOR FAST APPROVALS GO TO http://www.fredriksauto.com AND CLICK ON THE ‘FINANCING’ TAB  IMPLIED WARRANTY ON EVERY VEHICLE!   FREE Vehicle History REPORT!   BUY HERE & PAY HERE AVAILABLE, EASY TERM , ANYONE IS APPROVED, JUST A CALL AWAY,   WE HAVE PROVIDE PROFESSIONAL SERVICE SINCE 1999 IN VALLEY","https://cdn04.carsforsale.com/3/583369/18077698/1022459562.jpg?dt=032220180234,https://cdn04.carsforsale.com/3/583369/18077698/1022459565.jpg?dt=032220180234,https://cdn04.carsforsale.com/3/583369/18077698/1022459568.jpg?dt=032220180234,https://cdn04.carsforsale.com/3/583369/18077698/1022459573.jpg?dt=032220180234,https://cdn04.carsforsale.com/3/583369/18077698/1022459574.jpg?dt=032220180234,https://cdn04.carsforsale.com/3/583369/18077698/1022459578.jpg?dt=032220180234,https://cdn04.carsforsale.com/3/583369/18077698/1022459579.jpg?dt=032220180234,https://cdn04.carsforsale.com/3/583369/18077698/1022459582.jpg?dt=032220180234,https://cdn04.carsforsale.com/3/583369/18077698/1022459584.jpg?dt=032220180234,https://cdn04.carsforsale.com/3/583369/18077698/1022459586.jpg?dt=032220180234,https://cdn04.carsforsale.com/3/583369/18077698/1022459589.jpg?dt=032220180234,https://cdn04.carsforsale.com/3/583369/18077698/1022459590.jpg?dt=032220180234,https://cdn04.carsforsale.com/3/583369/18077698/1022459592.jpg?dt=032220180234,https://cdn04.carsforsale.com/3/583369/18077698/1022459594.jpg?dt=032220180234,https://cdn04.carsforsale.com/3/583369/18077698/1022459595.jpg?dt=032220180234,https://cdn04.carsforsale.com/3/583369/18077698/1022459598.jpg?dt=032220180234,https://cdn04.carsforsale.com/3/583369/18077698/1022459599.jpg?dt=032220180234,https://cdn04.carsforsale.com/3/583369/18077698/1022459601.jpg?dt=032220180234,https://cdn04.carsforsale.com/3/583369/18077698/1022459603.jpg?dt=032220180234"
"583369","U","1HGCM56387A054720","7A054720","Honda","Accord","2007","Special Edition 4dr Sedan (2.4L I4 5A)","Sedan","139000","2.4L I4","2.4L I4","Gasoline","Automatic 5-Speed","6500","Blue","Gray","Air Filtration| Armrests - Rear Center Folding With Pass-Thru| Center Console Trim - Simulated Carbon Fiber| Dash Trim - Simulated Carbon Fiber| Floor Mat Material - Carpet| Floor Mats - Front| Floor Mats - Rear| Front Air Conditioning| Front Air Conditioning Zones - Single| Rear Vents - Second Row| Cargo Area Light| Center Console - Front Console With Storage| Cruise Control| Cupholders - Front| Cupholders - Rear| Multi-Function Remote - Keyless Entry| Multi-Function Remote - Trunk Release| One-Touch Windows - 1| Overhead Console - Front| Power Outlet(S) - 12v Front| Power Steering - Variable/Speed-Proportional| Reading Lights - Front| Steering Wheel - Tilt And Telescopic| Steering Wheel Mounted Controls - Audio| Steering Wheel Mounted Controls - Cruise Control| Storage - Door Pockets| Storage - Front Seatback| Storage - Grocery Bag Holder| Vanity Mirrors - Dual Illuminating| Front Brake Type - Ventilated Disc| Front Shock Type - Gas| Front Spring Type - Coil| Front Struts| Front Suspension Type - Double Wishbone| Rear Brake Type - Disc| Rear Shock Type - Gas| Rear Spring Type - Coil| Abs - 4-Wheel| Electronic Brakeforce Distribution| Front Brake Diameter - 11.1| Front Suspension Classification - Independent| Power Brakes| Rear Brake Diameter - 10.2| Rear Stabilizer Bar| Rear Suspension Classification - Independent| Rear Suspension Type - Multi-Link| Gauge - Tachometer| In-Dash Cd - Mp3 Playback| Total Speakers - 6| Antenna Type - Element| Clock| In-Dash Cd - 6 Disc| Radio","2007 Honda Accord 4D Sedan,Special Edition 4dr Sedan (2.4L I4 5A)  ABS Brakes, Air Conditioning, Alloy Wheels, AM/FM Stereo, Automatic Transmission, CD Audio, Cloth Seats, Cruise Control, Overhead Airbags, Power Locks, Power Mirrors, Power Windows, Rear Defroster, Side Airbags,New Brakes,cold A/C, New Front control arm, & oil Service, 139000 Miles, Price $5450, please call 602-418-4298","https://cdn04.carsforsale.com/3/583369/18210359/1024689345.jpg?dt=032320182350,https://cdn04.carsforsale.com/3/583369/18210359/1024689349.jpg?dt=032320182350,https://cdn04.carsforsale.com/3/583369/18210359/1024689350.jpg?dt=032320182350,https://cdn04.carsforsale.com/3/583369/18210359/1024689351.jpg?dt=032320182350,https://cdn04.carsforsale.com/3/583369/18210359/1024689354.jpg?dt=032320182350,https://cdn04.carsforsale.com/3/583369/18210359/1024689356.jpg?dt=032320182350,https://cdn04.carsforsale.com/3/583369/18210359/1024689358.jpg?dt=032320182350,https://cdn04.carsforsale.com/3/583369/18210359/1024689362.jpg?dt=032320182350"
"583369","U","1G6KD54Y85U192023","5U192023","Cadillac","DeVille","2005","Base 4dr Sedan","Sedan","98000","4.6L V8","4.6L V8","Gasoline","Automatic 4-Speed","5450","White","Beige","Front Air Conditioning - Automatic Climate Control| Front Air Conditioning Zones - Dual| Rear Air Conditioning - Automatic Climate Control| Rear Air Conditioning Zones - Dual| Steering Wheel Trim - Leather| Center Console - Front Console With Storage| Cruise Control| Easy Entry - Power Driver Seat| Memorized Settings - Driver Seat| Multi-Function Remote - Keyless Entry| Multi-Function Remote - Trunk Release| Power Steering| Steering Wheel - Tilt| Steering Wheel Mounted Controls - Audio| Air Suspension - Rear| Self Leveling Suspension| Traction Control| Battery Saver| Warnings And Reminders - Tire Fill Alert| Clock| In-Dash Cd - Single Disc| Radio - Am/Fm| Trip Computer| Daytime Running Lights| Exterior Entry Lights| Headlights - Auto On/Off| Wheel Diameter - 16 Inch| Wheels - Alloy| Tire Pressure Monitoring System| Window Defogger - Rear| Front Wipers - Intermittent| Power Windows| Front Airbags - Dual| Power Door Locks| Side Airbags - Front| Side Mirror Adjustments - Power| Side Mirrors - Auto-Dimming| Side Mirrors - Heated| Side Mirrors - Integrated Turn Signals| Driver Seat - Heated| Driver Seat Power Adjustments| Front Seat Type - Bucket| Passenger Seat - Heated| Passenger Seat Power Adjustments| Rear Seat Type - Bench| Upholstery - Leather","2005 Cadillac Deville 4D Sedan, Low Miles 98K  ABS Brakes, Air Conditioning, Alloy Wheels, AM/FM Stereo, Automatic Transmission, CD Audio, Cruise Control, Front Seat Heaters, Leather Seats, Memory Seat(s), Power Locks, Power Mirrors, Power Seat(s), Power Windows, Premium Package, Rear Defroster, Rear Seat Heaters, Side Airbags, Sunroof(s), Traction Control,PRICE $3950 CASH , Call 602-418-4298","https://cdn04.carsforsale.com/3/583369/18211076/1024696292.jpg?dt=032420180030,https://cdn04.carsforsale.com/3/583369/18211076/1024696293.jpg?dt=032420180030,https://cdn04.carsforsale.com/3/583369/18211076/1024696294.jpg?dt=032420180030,https://cdn04.carsforsale.com/3/583369/18211076/1024696295.jpg?dt=032420180030,https://cdn04.carsforsale.com/3/583369/18211076/1024696296.jpg?dt=032420180030"
